id,first_name,last_name,email,gender,ip_address
1,Wendel,Dreamer,wdreamer0@pagesperso-orange.fr,Genderfluid,184.131.235.18
2,Latrena,Klaaassen,lklaaassen1@tripod.com,Female,188.111.173.157
3,Vince,Salack,vsalack2@rediff.com,Male,67.38.141.0
4,Crawford,Lendon,clendon3@admin.ch,Male,155.66.138.194
5,Reider,Sawood,rsawood4@hp.com,Male,126.37.177.225
6,Cliff,Botler,cbotler5@yahoo.co.jp,Male,241.127.49.183
7,Whittaker,Lyons,wlyons6@latimes.com,Male,9.41.8.61
8,Sim,Beames,sbeames7@1und1.de,Male,15.230.142.95
9,Merna,Parlet,mparlet8@icq.com,Female,83.36.18.246
10,Belle,Boost,bboost9@slashdot.org,Female,4.254.89.169
11,Syman,Ciotti,sciottia@fda.gov,Male,13.154.135.196
12,Kellyann,Gambell,kgambellb@unc.edu,Female,85.235.135.89
13,Ricky,Duiged,rduigedc@imdb.com,Female,50.216.110.127
14,Morse,Garthshore,mgarthshored@surveymonkey.com,Male,129.30.105.37
15,Ellery,Murt,emurte@topsy.com,Male,177.240.235.38
16,Filmer,Gumbley,fgumbleyf@bbc.co.uk,Male,78.93.204.115
17,Gearard,Habbeshaw,ghabbeshawg@mlb.com,Male,149.188.88.35
18,Adriano,Cotterrill,acotterrillh@jiathis.com,Male,241.240.12.4
19,Carlotta,McNamara,cmcnamarai@shareasale.com,Female,211.124.94.95
20,Griz,Main,gmainj@cnet.com,Male,150.1.6.180
21,Drucy,Reinbeck,dreinbeckk@tinypic.com,Female,222.91.143.153
22,Holt,Fockes,hfockesl@alibaba.com,Male,89.5.171.75
23,Elwira,de Quesne,edequesnem@typepad.com,Female,45.136.92.218
24,Stefanie,Tradewell,stradewelln@theglobeandmail.com,Female,83.133.193.158
25,Ashley,Sjostrom,asjostromo@about.me,Male,171.129.74.142
26,Mano,Coats,mcoatsp@yahoo.co.jp,Male,72.108.186.245
27,Bryan,Dallinder,bdallinderq@cpanel.net,Male,57.152.138.176
28,Niki,Farfalameev,nfarfalameevr@scribd.com,Male,161.173.70.217
29,Ferris,Anglin,fanglins@google.com.au,Male,166.162.211.90
30,Annette,Milsom,amilsomt@diigo.com,Non-binary,201.220.29.212
31,Hunfredo,Maystone,hmaystoneu@parallels.com,Male,192.252.39.135
32,Callean,Band,cbandv@unesco.org,Male,39.170.208.57
33,Merrili,Tresise,mtresisew@dot.gov,Genderqueer,228.204.140.122
34,Rosemonde,Stoacley,rstoacleyx@epa.gov,Female,167.61.117.111
35,Jamison,Sharvill,jsharvilly@google.nl,Polygender,235.55.230.179
36,Mord,Ceresa,mceresaz@stumbleupon.com,Male,21.1.109.166
37,Paddie,Orsman,porsman10@nymag.com,Bigender,99.13.133.14
38,Gerardo,Victoria,gvictoria11@youku.com,Male,21.239.0.3
39,Hogan,Woolcocks,hwoolcocks12@wikispaces.com,Male,202.218.71.206
40,Cassey,O'Reagan,coreagan13@taobao.com,Female,76.95.187.63
41,Phedra,Czaple,pczaple14@theguardian.com,Female,118.53.147.98
42,Karola,O' Flaherty,koflaherty15@bloomberg.com,Female,9.79.10.188
43,Frederigo,Puxley,fpuxley16@stanford.edu,Male,243.86.141.72
44,Cloe,Schruyers,cschruyers17@surveymonkey.com,Genderqueer,230.180.66.121
45,Daniela,Landell,dlandell18@census.gov,Female,65.35.50.167
46,Niki,Caustick,ncaustick19@theguardian.com,Male,35.150.106.79
47,Abbot,Cruddace,acruddace1a@discovery.com,Non-binary,30.39.73.183
48,Angel,Lewcock,alewcock1b@odnoklassniki.ru,Male,228.236.53.132
49,Mariann,Mahoney,mmahoney1c@google.com.au,Female,2.107.213.171
50,Jeanie,Vanner,jvanner1d@marriott.com,Female,126.155.12.156
51,Susette,Rizzotto,srizzotto1e@cyberchimps.com,Female,82.248.145.37
52,Barnett,Vallack,bvallack1f@360.cn,Male,90.153.181.25
53,Raquela,Woolcocks,rwoolcocks1g@taobao.com,Female,107.29.12.249
54,Lorilyn,Kemer,lkemer1h@zimbio.com,Female,161.150.190.246
55,Cosme,Whordley,cwhordley1i@php.net,Male,158.190.24.253
56,Hill,Woodnutt,hwoodnutt1j@e-recht24.de,Male,42.126.45.37
57,Frederigo,Bickell,fbickell1k@cafepress.com,Male,34.202.167.183
58,Leelah,Neward,lneward1l@cocolog-nifty.com,Polygender,118.61.30.23
59,Melissa,Maughan,mmaughan1m@unc.edu,Female,150.128.41.182
60,Gertrudis,Tippetts,gtippetts1n@dailymotion.com,Female,70.247.171.176
61,Ashla,Kinnard,akinnard1o@msu.edu,Female,178.15.114.243
62,Eberhard,Birdsall,ebirdsall1p@over-blog.com,Male,213.177.192.168
63,Retha,Petera,rpetera1q@constantcontact.com,Female,140.226.80.176
64,Auroora,MacGettigen,amacgettigen1r@reverbnation.com,Non-binary,207.80.14.149
65,Reinald,Scrogges,rscrogges1s@un.org,Male,63.201.40.176
66,Filip,Clewley,fclewley1t@wisc.edu,Male,144.50.10.89
67,Saunder,Cromett,scromett1u@addthis.com,Male,44.232.68.47
68,Gerald,Terram,gterram1v@dropbox.com,Male,255.181.252.151
69,Dona,Elliott,delliott1w@dyndns.org,Female,74.34.20.39
70,Chip,Steggals,csteggals1x@hc360.com,Male,120.142.239.141
71,Kailey,Klemt,kklemt1y@bloglines.com,Female,146.76.57.206
72,Jasun,Bolzmann,jbolzmann1z@wikimedia.org,Male,129.6.83.2
73,Neill,Degoey,ndegoey20@elegantthemes.com,Male,112.219.62.32
74,Krystyna,Primo,kprimo21@shinystat.com,Female,112.177.244.218
75,Babita,Kirwan,bkirwan22@globo.com,Female,191.24.30.96
76,Chance,Bourdel,cbourdel23@live.com,Male,241.250.191.101
77,Inigo,Roggeman,iroggeman24@newyorker.com,Genderfluid,141.125.5.240
78,Odell,Dreakin,odreakin25@free.fr,Male,9.127.39.154
79,Kareem,Trounson,ktrounson26@smh.com.au,Male,194.81.120.230
80,Ula,Cabrara,ucabrara27@wikipedia.org,Female,82.201.38.66
81,Ingram,Haresnape,iharesnape28@nationalgeographic.com,Male,172.135.235.16
82,Vachel,Fay,vfay29@skyrock.com,Male,254.161.117.200
83,Leoline,Gravener,lgravener2a@photobucket.com,Female,9.132.59.152
84,Benedict,Vanderson,bvanderson2b@weather.com,Male,202.217.254.5
85,Floris,Bollard,fbollard2c@w3.org,Female,234.68.245.49
86,Hirsch,Gutowska,hgutowska2d@huffingtonpost.com,Male,237.15.20.25
87,Lyle,Peerless,lpeerless2e@statcounter.com,Male,9.163.180.240
88,Holt,Crowley,hcrowley2f@github.io,Male,56.1.228.23
89,Angy,Pellington,apellington2g@craigslist.org,Female,64.207.78.172
90,Shurlock,Karlicek,skarlicek2h@cdc.gov,Male,224.78.170.85
91,Cheryl,Coger,ccoger2i@nps.gov,Female,85.31.188.75
92,Beatrice,Whopples,bwhopples2j@bing.com,Non-binary,174.147.151.6
93,Karlens,Dalbey,kdalbey2k@sakura.ne.jp,Male,102.136.246.147
94,Desi,Peschke,dpeschke2l@sitemeter.com,Male,40.181.129.225
95,Alanah,Marling,amarling2m@ox.ac.uk,Female,122.141.85.234
96,Eveline,Boarleyson,eboarleyson2n@sina.com.cn,Female,213.85.249.216
97,Derrick,Pickring,dpickring2o@com.com,Male,5.24.48.77
98,Emmett,Bamfield,ebamfield2p@disqus.com,Non-binary,123.141.149.213
99,Nicol,Cliburn,ncliburn2q@youtu.be,Female,158.137.120.8
100,Jermaine,Wermerling,jwermerling2r@umich.edu,Male,43.16.47.39
101,Millard,Hourigan,mhourigan2s@fc2.com,Male,204.199.248.59
102,Emmalyn,Proudlock,eproudlock2t@t-online.de,Female,6.1.0.77
103,Leonardo,Dawdary,ldawdary2u@boston.com,Male,24.117.151.211
104,Ailsun,Sabattier,asabattier2v@wsj.com,Female,118.33.167.250
105,Ervin,Pottery,epottery2w@dailymail.co.uk,Male,159.199.41.109
106,Beitris,Pinwell,bpinwell2x@github.io,Female,197.132.100.167
107,Wynny,Trowl,wtrowl2y@pagesperso-orange.fr,Female,11.15.140.130
108,Malynda,McCalum,mmccalum2z@nyu.edu,Female,160.69.76.136
109,Augustine,Barrus,abarrus30@forbes.com,Male,15.238.143.137
110,Clayson,Buxcey,cbuxcey31@vimeo.com,Male,159.15.28.117
111,Jacky,Waker,jwaker32@unesco.org,Female,131.41.52.89
112,Cammy,Peschka,cpeschka33@whitehouse.gov,Agender,22.78.197.236
113,Mordy,Nacci,mnacci34@kickstarter.com,Bigender,17.191.231.203
114,Hanan,Eady,heady35@photobucket.com,Male,229.50.198.128
115,Karlyn,Burgher,kburgher36@netlog.com,Bigender,110.154.209.97
116,Burg,Blackney,bblackney37@example.com,Polygender,225.31.197.113
117,Lark,Meighan,lmeighan38@blogspot.com,Female,238.43.35.76
118,Linus,Charters,lcharters39@shop-pro.jp,Male,214.163.245.224
119,Gretel,Aronoff,garonoff3a@qq.com,Female,89.236.62.148
120,Loise,Budget,lbudget3b@cpanel.net,Bigender,70.104.135.31
121,Aharon,Hovie,ahovie3c@tripadvisor.com,Male,102.224.142.213
122,Niall,Tolmie,ntolmie3d@histats.com,Male,81.176.72.167
123,Jayson,Van Driel,jvandriel3e@artisteer.com,Male,214.161.146.176
124,Leonardo,Petersen,lpetersen3f@privacy.gov.au,Male,166.225.70.56
125,Roxanna,Shirer,rshirer3g@cbsnews.com,Female,241.61.131.194
126,Bartlet,Siddell,bsiddell3h@nytimes.com,Male,244.8.250.99
127,Susette,Christene,schristene3i@ezinearticles.com,Female,234.230.185.156
128,Bertram,Dameisele,bdameisele3j@wikia.com,Male,220.5.212.163
129,Kippar,Ing,king3k@newsvine.com,Male,210.197.10.117
130,Susette,Wadmore,swadmore3l@live.com,Female,16.195.166.8
131,Giselle,Tanser,gtanser3m@theguardian.com,Bigender,232.161.137.150
132,Stevie,Mish,smish3n@about.me,Male,141.47.65.165
133,Blondell,Shurey,bshurey3o@digg.com,Genderqueer,32.119.206.193
134,Tania,Klimentyev,tklimentyev3p@google.es,Female,154.105.73.201
135,Nannette,Pixton,npixton3q@tuttocitta.it,Female,134.252.76.113
136,Sonni,Ditchburn,sditchburn3r@t-online.de,Female,70.155.44.132
137,Kile,Batie,kbatie3s@delicious.com,Male,142.62.104.226
138,Lorie,Loweth,lloweth3t@nature.com,Female,40.232.67.164
139,Odo,Rotham,orotham3u@google.co.uk,Male,80.158.93.101
140,Dalt,Signoret,dsignoret3v@google.com.hk,Male,135.178.154.110
141,Keelby,Gobel,kgobel3w@uiuc.edu,Non-binary,65.231.145.225
142,Jordain,Savaage,jsavaage3x@hc360.com,Female,2.51.165.135
143,Luise,Bromley,lbromley3y@scientificamerican.com,Female,58.243.123.18
144,Bale,Marfell,bmarfell3z@businesswire.com,Male,185.124.165.224
145,Manolo,McCloughen,mmccloughen40@squarespace.com,Male,12.42.100.33
146,Ronny,Dot,rdot41@about.com,Male,4.119.239.162
147,Haze,Bestman,hbestman42@arizona.edu,Male,28.231.97.162
148,Tallou,Kilgannon,tkilgannon43@cisco.com,Female,181.237.147.135
149,Doralynne,Veighey,dveighey44@google.co.uk,Female,206.223.13.48
150,Taylor,Spadotto,tspadotto45@ed.gov,Male,175.103.177.0
151,Woodman,Bevans,wbevans46@craigslist.org,Male,118.173.123.100
152,Pavla,Hambrook,phambrook47@house.gov,Female,18.129.163.242
153,Jon,Learned,jlearned48@theguardian.com,Male,112.87.187.62
154,Sharon,Plumptre,splumptre49@chronoengine.com,Female,233.82.126.239
155,Sheppard,Petrolli,spetrolli4a@newsvine.com,Male,86.218.180.76
156,Keefer,Silmon,ksilmon4b@vinaora.com,Male,78.192.7.251
157,Audy,Yearn,ayearn4c@phpbb.com,Female,34.90.11.163
158,Mendy,Phoebe,mphoebe4d@seattletimes.com,Male,76.185.228.33
159,Pennie,Franzman,pfranzman4e@hubpages.com,Male,68.102.212.224
160,Woody,Beagen,wbeagen4f@zdnet.com,Male,204.118.233.53
161,Hebert,Iban,hiban4g@slideshare.net,Male,138.147.182.69
162,Sonni,Martyns,smartyns4h@xing.com,Female,2.180.65.11
163,Annette,Edyson,aedyson4i@netlog.com,Female,47.219.105.105
164,Mirabella,MacVean,mmacvean4j@economist.com,Polygender,219.195.70.46
165,Babita,Fritche,bfritche4k@gov.uk,Female,191.97.96.159
166,Jehu,O'Hegertie,johegertie4l@weibo.com,Genderqueer,42.86.115.65
167,Emalia,Cockshott,ecockshott4m@shop-pro.jp,Female,87.232.254.179
168,Dal,Edgcombe,dedgcombe4n@state.tx.us,Male,111.130.178.41
169,Dorothea,Boniface,dboniface4o@hc360.com,Bigender,72.70.253.241
170,Elberta,Sibbert,esibbert4p@reuters.com,Agender,62.220.252.196
171,Sam,Emslie,semslie4q@delicious.com,Female,237.235.75.234
172,Ros,Gregoratti,rgregoratti4r@mapquest.com,Female,94.189.204.6
173,Jabez,Bohden,jbohden4s@bluehost.com,Male,11.67.7.211
174,Feodora,Thursfield,fthursfield4t@edublogs.org,Female,242.33.67.44
175,Sim,Gauler,sgauler4u@chicagotribune.com,Male,80.15.158.6
176,Ranice,Somerset,rsomerset4v@senate.gov,Female,31.66.242.22
177,Archambault,Vanelli,avanelli4w@telegraph.co.uk,Male,170.254.102.234
178,Lusa,Brimfield,lbrimfield4x@stanford.edu,Female,132.231.214.7
179,Cam,Dummigan,cdummigan4y@intel.com,Female,174.242.86.43
180,Felice,Mangon,fmangon4z@jugem.jp,Male,114.76.63.154
181,Harper,Jilkes,hjilkes50@delicious.com,Male,20.191.132.18
182,Editha,Thumann,ethumann51@wikia.com,Female,239.243.91.134
183,Verge,Lantiffe,vlantiffe52@bloomberg.com,Male,108.218.59.117
184,Damon,Vasiljevic,dvasiljevic53@va.gov,Male,87.191.248.245
185,Aliza,Hapke,ahapke54@php.net,Female,235.33.145.78
186,Armand,Davidescu,adavidescu55@imdb.com,Bigender,121.86.77.124
187,Matelda,Sollett,msollett56@artisteer.com,Female,230.33.210.96
188,Pooh,Baxandall,pbaxandall57@posterous.com,Female,32.179.31.233
189,Gay,Corradino,gcorradino58@ucoz.com,Female,123.86.208.52
190,Paolina,Begent,pbegent59@va.gov,Female,220.62.218.170
191,Claire,L'Hommeau,clhommeau5a@oaic.gov.au,Female,220.176.236.209
192,Corty,Cathro,ccathro5b@tuttocitta.it,Male,139.148.236.96
193,Quinlan,Downes,qdownes5c@delicious.com,Genderqueer,30.144.94.65
194,Deeanne,Pritchard,dpritchard5d@seesaa.net,Female,229.121.39.136
195,Arnoldo,Spinks,aspinks5e@marketwatch.com,Male,147.129.116.92
196,Cletus,Bryce,cbryce5f@about.me,Male,205.198.177.83
197,Aldridge,Hamly,ahamly5g@reddit.com,Male,158.23.23.26
198,Gennifer,Ivatt,givatt5h@merriam-webster.com,Female,76.75.243.146
199,Cloe,Campbell,ccampbell5i@i2i.jp,Agender,116.240.135.125
200,Vaughan,Danskine,vdanskine5j@phpbb.com,Male,102.110.17.179
201,Farley,Trayford,ftrayford5k@vimeo.com,Male,158.69.80.193
202,Artur,Maas,amaas5l@independent.co.uk,Male,51.243.174.100
203,Rudolph,Inder,rinder5m@google.pl,Male,249.140.166.230
204,Aleda,Madle,amadle5n@biblegateway.com,Female,251.2.183.129
205,Katy,Praton,kpraton5o@un.org,Female,85.255.54.149
206,Hatti,Bourges,hbourges5p@mayoclinic.com,Genderfluid,4.144.250.40
207,Emlen,Borres,eborres5q@github.com,Male,21.88.195.97
208,Hersh,Sign,hsign5r@spotify.com,Male,19.11.128.5
209,Spike,Anderson,sanderson5s@phoca.cz,Male,110.214.12.143
210,Jacquelin,Bithany,jbithany5t@nasa.gov,Female,61.228.58.37
211,Lucky,Mechic,lmechic5u@merriam-webster.com,Female,42.210.202.146
212,Galina,Stanlack,gstanlack5v@51.la,Female,193.6.1.85
213,Decca,Hatherley,dhatherley5w@tmall.com,Male,176.113.184.141
214,Ignatius,Ahrens,iahrens5x@hud.gov,Male,182.69.16.172
215,Anna-diana,Fancet,afancet5y@twitter.com,Bigender,128.173.229.91
216,Gusta,Gordon-Giles,ggordongiles5z@wikipedia.org,Female,69.59.24.108
217,Jessica,Beteriss,jbeteriss60@biglobe.ne.jp,Female,234.246.251.83
218,Kitty,Helder,khelder61@zimbio.com,Female,214.207.46.148
219,Antin,Beekman,abeekman62@yahoo.com,Male,29.160.253.179
220,Ruperto,Mazzei,rmazzei63@google.co.jp,Agender,72.97.207.176
221,Benny,Pestricke,bpestricke64@stumbleupon.com,Male,38.167.166.106
222,Brigitte,Piscot,bpiscot65@artisteer.com,Female,221.223.2.74
223,Dotty,de Voiels,ddevoiels66@epa.gov,Female,16.229.119.102
224,Judon,Mates,jmates67@free.fr,Male,172.202.81.160
225,Ruprecht,De Launde,rdelaunde68@free.fr,Male,230.169.80.203
226,Elora,Birtwell,ebirtwell69@addthis.com,Female,241.216.8.46
227,Shay,Barrat,sbarrat6a@sun.com,Male,72.167.195.225
228,Ody,Bigg,obigg6b@businesswire.com,Male,68.75.25.146
229,Kori,Nizard,knizard6c@reverbnation.com,Female,168.142.251.30
230,Claire,Sterland,csterland6d@infoseek.co.jp,Male,207.166.12.99
231,Othello,Christal,ochristal6e@amazon.co.uk,Male,206.187.219.13
232,Allyn,Sibbson,asibbson6f@tinyurl.com,Female,8.235.111.238
233,Maximilien,Kirgan,mkirgan6g@mozilla.org,Male,4.12.100.52
234,Imogene,Fuente,ifuente6h@flickr.com,Female,127.164.152.222
235,Viv,O'Hear,vohear6i@yandex.ru,Female,119.20.180.46
236,Guy,Standrin,gstandrin6j@uol.com.br,Male,232.6.140.55
237,Marti,Phelit,mphelit6k@fastcompany.com,Bigender,190.12.76.222
238,Alvy,Reekie,areekie6l@homestead.com,Male,179.216.185.141
239,Celesta,Beardmore,cbeardmore6m@4shared.com,Female,28.59.37.114
240,Geralda,Porch,gporch6n@engadget.com,Female,248.239.48.118
241,Andres,Tall,atall6o@yandex.ru,Male,173.217.135.227
242,Burke,Batey,bbatey6p@census.gov,Bigender,106.107.131.161
243,Hall,Chartman,hchartman6q@walmart.com,Genderfluid,232.186.77.12
244,Willie,Cruddace,wcruddace6r@miitbeian.gov.cn,Male,70.240.69.72
245,Janel,Klee,jklee6s@hubpages.com,Female,211.146.203.124
246,Elspeth,Brazear,ebrazear6t@mediafire.com,Female,209.227.37.59
247,Jillane,Feaks,jfeaks6u@godaddy.com,Female,9.222.254.152
248,Gerard,Haddinton,ghaddinton6v@wired.com,Male,74.96.43.65
249,Douglas,Linfitt,dlinfitt6w@home.pl,Male,205.97.94.87
250,Vannie,Meagher,vmeagher6x@businessweek.com,Female,67.210.181.223
251,Loy,Hardage,lhardage6y@about.me,Male,38.13.77.167
252,Raynell,Cain,rcain6z@nydailynews.com,Bigender,83.6.146.123
253,Vickie,Pendergast,vpendergast70@google.ru,Genderqueer,206.109.156.11
254,Boycey,Poytress,bpoytress71@statcounter.com,Male,132.72.160.249
255,Issi,Dethloff,idethloff72@ft.com,Female,155.108.246.193
256,Lynea,Kiddey,lkiddey73@yahoo.co.jp,Female,80.62.72.169
257,Ignazio,Cordingley,icordingley74@tiny.cc,Male,72.4.234.198
258,Cletis,Nunan,cnunan75@joomla.org,Male,106.128.239.72
259,Halette,Ceeley,hceeley76@weather.com,Female,105.135.232.32
260,Temple,Clevely,tclevely77@mail.ru,Male,200.227.15.198
261,Barnabe,Wetton,bwetton78@vimeo.com,Male,168.51.35.116
262,Lucretia,Crown,lcrown79@deviantart.com,Female,159.132.222.132
263,Nicolette,Ide,nide7a@1688.com,Female,196.194.154.52
264,Ericha,Kingswood,ekingswood7b@aol.com,Female,221.81.223.187
265,Delmar,Canellas,dcanellas7c@free.fr,Male,160.172.141.209
266,Jorgan,Leathart,jleathart7d@printfriendly.com,Male,190.242.163.86
267,Bink,Meader,bmeader7e@ow.ly,Male,221.46.126.254
268,Xena,Kingscote,xkingscote7f@springer.com,Female,102.169.86.215
269,Nydia,Stormont,nstormont7g@nationalgeographic.com,Female,122.70.228.240
270,Prentice,Moralis,pmoralis7h@macromedia.com,Male,126.116.238.143
271,Nerita,Koppel,nkoppel7i@bandcamp.com,Female,122.25.182.246
272,Scotty,Coode,scoode7j@disqus.com,Male,229.175.41.31
273,Abbye,Crichley,acrichley7k@csmonitor.com,Female,64.122.233.167
274,Bordy,Scini,bscini7l@psu.edu,Male,195.3.238.43
275,Miguelita,Curm,mcurm7m@flickr.com,Female,220.249.216.120
276,Cordie,Pietruszka,cpietruszka7n@mayoclinic.com,Male,69.202.225.36
277,Juieta,O'Donovan,jodonovan7o@usda.gov,Female,186.30.152.191
278,Karoline,Madine,kmadine7p@nasa.gov,Female,148.109.143.200
279,Mignonne,Bavridge,mbavridge7q@de.vu,Female,112.49.200.11
280,Gage,Dake,gdake7r@squarespace.com,Male,46.202.110.154
281,Kendal,Sturdgess,ksturdgess7s@goo.gl,Male,52.193.0.185
282,Normy,Howsden,nhowsden7t@answers.com,Male,149.196.119.29
283,Robin,Sinson,rsinson7u@lycos.com,Male,65.84.14.164
284,Hersch,Burgoine,hburgoine7v@sina.com.cn,Male,222.86.172.229
285,Hilde,Persse,hpersse7w@hugedomains.com,Female,217.58.215.197
286,Faustina,Mosdill,fmosdill7x@biblegateway.com,Female,175.190.55.88
287,Lauren,Mulliner,lmulliner7y@weather.com,Genderqueer,26.57.159.235
288,Penn,Giacovelli,pgiacovelli7z@yahoo.co.jp,Male,210.185.42.242
289,Baird,Redmayne,bredmayne80@taobao.com,Genderfluid,50.62.240.144
290,Cristy,Menguy,cmenguy81@mapquest.com,Female,161.111.88.8
291,Omero,Braysher,obraysher82@tripod.com,Male,197.173.210.246
292,Bennie,Lineham,blineham83@cdc.gov,Male,118.187.0.173
293,Rogers,Chetwynd,rchetwynd84@un.org,Male,54.126.37.42
294,Joy,Circuit,jcircuit85@google.ru,Female,22.149.253.247
295,Donal,Buglar,dbuglar86@umn.edu,Male,24.225.109.232
296,Pate,Maken,pmaken87@ehow.com,Male,124.217.125.4
297,Bernardo,Tunnadine,btunnadine88@un.org,Male,23.83.173.243
298,Edna,Le Franc,elefranc89@narod.ru,Female,67.149.205.237
299,Maryjane,Camacke,mcamacke8a@ask.com,Genderqueer,80.191.224.225
300,Kaela,Ericsson,kericsson8b@qq.com,Female,156.58.43.243
